{
    "value": {
        "1581018133.635716": 81258.40867866503,
        "1581018143.635716": 5.42668814041435,
        "1581018153.635716": 0.5946904974163874,
        "1581018163.635716": 0.5787614584416095,
        "1581018173.635716": 0.4800384893061747,
        "1581018183.635716": 0.5322932683216087,
        "1581018193.635716": 0.6204599146160975,
        "1581018203.635716": 31.410210571700578,
        "1581018213.635716": 9.007612348047157,
        "1581018223.635716": 0.9863697128411629,
        "1581018233.635716": 0.4322346913770564,
        "1581018243.635716": 0.40644020606759645,
        "1581018253.635716": 0.4374551957124953,
        "1581018263.635716": 0.44018848611291134,
        "1581018273.635716": 0.41724981414229434,
        "1581018283.635716": 0.4562150071460477,
        "1581018293.635716": 0.5832190859996915,
        "1581018303.635716": 0.7624473614988044,
        "1581018313.635716": 0.5482454707842389,
        "1581018323.635716": 0.45742017314878386,
        "1581018333.635716": 0.35265549793141243,
        "1581018343.635716": 0.35763081645971745,
        "1581018353.635716": 0.3559957242672713,
        "1581018363.635716": 0.4831356985037073,
        "1581018373.635716": 0.5260395642092353,
        "1581018383.635716": 1.567498979243871,
        "1581018393.635716": 5.3493784407901455,
        "1581018403.635716": 0.8790555341772462,
        "1581018413.635716": 0.4786957003961561,
        "1581018423.635716": 0.5236824625290991,
        "1581018433.635716": 0.4190642551923282,
        "1581018443.635716": 0.4838553180896826,
        "1581018453.635716": 0.44782914358411136,
        "1581018463.635716": 0.3619888700638005,
        "1581018473.635716": 0.6189621497164555,
        "1581018483.635716": 0.8912713994574145,
        "1581018493.635716": 0.4366884532933275,
        "1581018503.635716": 1.3687326005643996,
        "1581018513.635716": 0.9405095502872183,
        "1581018523.635716": 0.8118549115409784,
        "1581018533.635716": 153852.91073124524,
        "1581018543.635716": 141959.9158493971,
        "1581018553.635716": 140296.75447912075,
        "1581018563.635716": 0.4454471393742112,
        "1581018573.635716": 0.6672966991219298,
        "1581018583.635716": 1.7751962869604985,
        "1581018593.635716": 2.560475057971002,
        "1581018603.635716": 0.7149894664923633,
        "1581018613.635716": 14.95436578359595,
        "1581018623.635716": 8.584664223184724,
        "1581018633.635716": 0.8202851424349459,
        "1581018643.635716": 0.583474854361203,
        "1581018653.635716": 0.610387550546839,
        "1581018663.635716": 0.6894561881418222,
        "1581018673.635716": 0.5258459707319495,
        "1581018683.635716": 0.8199420758200554,
        "1581018693.635716": 1.077926838119134,
        "1581018703.635716": 1.609432958451067,
        "1581018713.635716": 0.9136070907854105,
        "1581018723.635716": 1.0904828152009967,
        "1581018733.635716": 1237.2157565455034,
        "1581018743.635716": 13315.766125526407,
        "1581018753.635716": 14510.727302412306,
        "1581018763.635716": 12580.176548648811,
        "1581018773.635716": 0.49157900139578,
        "1581018783.635716": 0.5966628862493712,
        "1581018793.635716": 0.5068887249328512,
        "1581018803.635716": 0.4971129419861905,
        "1581018813.635716": 0.34697197970600613,
        "1581018823.635716": 0.39963065091320993,
        "1581018833.635716": 0.7395237641563892,
        "1581018843.635716": 0.6299099256928393,
        "1581018853.635716": 0.6177379120402013,
        "1581018863.635716": 0.6259769825522528,
        "1581018873.635716": 0.4070818764781379,
        "1581018883.635716": 0.45904217194828534,
        "1581018893.635716": 2.7825706733066204,
        "1581018903.635716": 5.665030819693436,
        "1581018913.635716": 1.1539243291162953,
        "1581018923.635716": 0.5539800456702414,
        "1581018933.635716": 0.3897409629315004,
        "1581018943.635716": 0.3975210966472715,
        "1581018953.635716": 0.31858838450190496,
        "1581018963.635716": 0.31285035749161205,
        "1581018973.635716": 0.3701205547642942,
        "1581018983.635716": 0.32299649584030926,
        "1581018993.635716": 0.38625886407268795,
        "1581019003.635716": 0.3611972669728335,
        "1581019013.635716": 0.5889159600797728,
        "1581019023.635716": 0.3789324055750243,
        "1581019033.635716": 0.7656279619819509
    }
}
